{
    "meat_years": 31.11376287017145,
    "average_years": 41.07016698862631,
    "no_beef_years": 54.03969340608725,
    "vegetarian_years": 60.397304395038695,
    "vegan_years": 68.45027831437719
}