{
    "meat_years": 27.96447309742618,
    "average_years": 36.913104488602556,
    "no_beef_years": 48.56987432710862,
    "vegetarian_years": 54.2839771891214,
    "vegan_years": 61.521840814337594
}