{
    "meat_years": 6.4026709263383035,
    "average_years": 8.45152562276656,
    "no_beef_years": 11.120428451008632,
    "vegetarian_years": 12.428714151127295,
    "vegan_years": 14.085876037944267
}