{
    "meat_years": 35.288624035885995,
    "average_years": 46.580983727369514,
    "no_beef_years": 61.290768062328304,
    "vegetarian_years": 68.50144665789634,
    "vegan_years": 77.63497287894918
}