{
    "meat_years": 6.4297397291697695,
    "average_years": 8.487256442504096,
    "no_beef_years": 11.167442687505389,
    "vegetarian_years": 12.481259474270729,
    "vegan_years": 14.145427404173493
}