{
    "meat_years": 32.42486327334165,
    "average_years": 42.800819520810975,
    "no_beef_years": 56.316867790540755,
    "vegetarian_years": 62.942381648251434,
    "vegan_years": 71.33469920135163
}