{
    "meat_years": 33.83255335738423,
    "average_years": 44.65897043174718,
    "no_beef_years": 58.76180319966734,
    "vegetarian_years": 65.67495651727526,
    "vegan_years": 74.4316173862453
}