{
    "meat_years": 5.254402420858747,
    "average_years": 6.935811195533545,
    "no_beef_years": 9.126067362544138,
    "vegetarian_years": 10.19972234637286,
    "vegan_years": 11.559685325889243
}