{
    "meat_years": 10.808408012497052,
    "average_years": 14.26709857649611,
    "no_beef_years": 18.772498126968564,
    "vegetarian_years": 20.981027318376633,
    "vegan_years": 23.778497627493515
}