{
    "meat_years": 9.119337463569776,
    "average_years": 12.037525451912103,
    "no_beef_years": 15.838849278831715,
    "vegetarian_years": 17.702243311635446,
    "vegan_years": 20.062542419853507
}