{
    "meat_years": 3.1119460282418365,
    "average_years": 4.107768757279224,
    "no_beef_years": 5.404958891156873,
    "vegetarian_years": 6.040836407763565,
    "vegan_years": 6.84628126213204
}