{
    "meat_years": 15.150538151764747,
    "average_years": 19.99871036032947,
    "no_beef_years": 26.314092579380876,
    "vegetarian_years": 29.409868176955097,
    "vegan_years": 33.33118393388244
}