{
    "meat_years": 32.53502428969456,
    "average_years": 42.94623206239682,
    "no_beef_years": 56.50820008210108,
    "vegetarian_years": 63.15622362117179,
    "vegan_years": 71.57705343732803
}