{
    "meat_years": 31.201039612409918,
    "average_years": 41.185372288381096,
    "no_beef_years": 54.19127932681723,
    "vegetarian_years": 60.56672395350161,
    "vegan_years": 68.64228714730183
}