{
    "meat_years": 36.50049272765852,
    "average_years": 48.18065040050924,
    "no_beef_years": 63.395592632249006,
    "vegetarian_years": 70.85389764780771,
    "vegan_years": 80.30108400084875
}