{
    "meat_years": 6.46382922098145,
    "average_years": 8.532254571695514,
    "no_beef_years": 11.22665075223094,
    "vegetarian_years": 12.547433193669873,
    "vegan_years": 14.22042428615919
}