{
    "meat_years": 11.647805367880865,
    "average_years": 15.375103085602742,
    "no_beef_years": 20.230398796845712,
    "vegetarian_years": 22.61044571412168,
    "vegan_years": 25.625171809337903
}