{
    "meat_years": 36.173795749887944,
    "average_years": 47.74941038985209,
    "no_beef_years": 62.82817156559485,
    "vegetarian_years": 70.21972116154718,
    "vegan_years": 79.58235064975348
}