{
    "meat_years": 33.94545429951975,
    "average_years": 44.80799967536608,
    "no_beef_years": 58.9578943096922,
    "vegetarian_years": 65.89411716965598,
    "vegan_years": 74.67999945894346
}