Transport,Total Distance (km),Earth eq
AIRPLANE,74449.61778439867,1.75
LARGE_CAR,144669.14409665868,3.50
CAR,164057.79178678076,4.00
WALK,167800.13258200808,4.25
SMALL_CAR,189447.68842227856,4.75
FERRY,260026.23891365516,6.50
SCOOTER,294696.40454330563,7.25
BUS,312248.4267234291,7.75
BIKE,583652.6350678542,14.50
TRANSIT,1307619.5759504237,32.75
LIGHT_RAIL,1515581.5077091008,37.75
SUBWAY,3400343.1258589486,84.75
