Transport,Total Distance (km),Earth eq
AIRPLANE,175427.28408894816,4.50
LARGE_CAR,340887.1083019535,8.50
CAR,386573.00954079546,9.75
WALK,395391.1694156805,9.75
SMALL_CAR,446399.7850356356,11.25
FERRY,612705.5867134337,15.25
SCOOTER,694399.6652065892,17.25
BUS,735757.8838737515,18.25
BIKE,1375273.6327501931,34.25
TRANSIT,3081172.972538045,77.00
LIGHT_RAIL,3571198.2786307232,89.00
SUBWAY,8012303.830095801,200.00
