Transport,Total Distance (km),Earth eq
AIRPLANE,36033.05917801151,1.00
LARGE_CAR,70018.78579033341,1.75
CAR,79402.7468373531,2.00
WALK,81214.01147204133,2.00
SMALL_CAR,91691.26657856902,2.25
FERRY,125850.7586912977,3.25
SCOOTER,142630.85989425372,3.50
BUS,151125.90750873322,3.75
BIKE,282483.518163622,7.00
TRANSIT,632878.1131036583,15.75
LIGHT_RAIL,733530.1349446578,18.25
SUBWAY,1645740.687906079,41.00
