Transport,Total Distance (km),Earth eq
AIRPLANE,376721.3341056588,9.50
LARGE_CAR,732038.0467034,18.25
CAR,830146.2380213818,20.75
WALK,849082.7964003037,21.25
SMALL_CAR,958621.251359678,24.00
FERRY,1315754.659046867,32.75
SCOOTER,1491188.6131894025,37.25
BUS,1580003.3231227435,39.50
BIKE,2953331.465740187,73.75
TRANSIT,6616665.13082653,165.00
LIGHT_RAIL,7668970.011208296,191.25
SUBWAY,17206022.461023033,429.25
