Transport,Total Distance (km),Earth eq
AIRPLANE,60840.44927044915,1.50
LARGE_CAR,118224.0541818853,3.00
CAR,134068.5155121148,3.25
WALK,137126.76717836113,3.50
SMALL_CAR,154817.21422714094,3.75
FERRY,212494.21546963818,5.25
SCOOTER,240826.77735579142,6.00
BUS,255170.34262560064,6.25
BIKE,476962.6684464735,12.00
TRANSIT,1068590.6045184836,26.75
LIGHT_RAIL,1238537.7134862551,31.00
SUBWAY,2778770.5107256756,69.25
