Transport,Total Distance (km),Earth eq
AIRPLANE,74844.3384465416,1.75
LARGE_CAR,145436.1575766881,3.75
CAR,164927.60131763772,4.00
WALK,168689.78309456338,4.25
SMALL_CAR,190452.11067904456,4.75
FERRY,261404.85848895,6.50
SCOOTER,296258.83953257743,7.50
BUS,313903.9195316131,7.75
BIKE,586747.071633264,14.75
TRANSIT,1314552.3738640891,32.75
LIGHT_RAIL,1523616.8877484621,38.00
SUBWAY,3418371.2229070766,85.25
