Transport,Total Distance (km),Earth eq
AIRPLANE,105592.32860184275,2.75
LARGE_CAR,205185.092728909,5.00
CAR,232684.12588761625,5.75
WALK,237991.9094555122,6.00
SMALL_CAR,268694.76483143284,6.75
FERRY,368796.7353878863,9.25
SCOOTER,417969.63370430237,10.50
BUS,442863.7692349617,11.00
BIKE,827797.9459322164,20.75
TRANSIT,1854604.4927013894,46.25
LIGHT_RAIL,2149558.116335357,53.75
SUBWAY,4822726.543021917,120.25
