Transport,Total Distance (km),Earth eq
AIRPLANE,125149.98781995504,3.00
LARGE_CAR,243189.18003895227,6.00
CAR,275781.54473223025,7.00
WALK,282072.4281061418,7.00
SMALL_CAR,318462.0215347258,8.00
FERRY,437104.735978298,11.00
SCOOTER,495385.36730972223,12.25
BUS,524890.3591142405,13.00
BIKE,981121.4890648412,24.50
TRANSIT,2198111.66548423,54.75
LIGHT_RAIL,2547696.174593912,63.50
SUBWAY,5715985.0064272545,142.75
