Transport,Total Distance (km),Earth eq
AIRPLANE,323799.1622387408,8.00
LARGE_CAR,629200.6447860262,15.75
CAR,713526.5042771379,17.75
WALK,729802.8366600797,18.25
SMALL_CAR,823953.2254489589,20.50
FERRY,1130916.1913969396,28.25
SCOOTER,1281705.0171812293,32.00
BUS,1358042.9516538498,34.00
BIKE,2538444.649252451,63.25
TRANSIT,5687149.7132815495,142.00
LIGHT_RAIL,6591625.801275566,164.50
SUBWAY,14788904.042184502,369.00
