Transport,Total Distance (km),Earth eq
AIRPLANE,393052.62894581154,9.75
LARGE_CAR,763772.7217161559,19.00
CAR,866134.0143548119,21.50
WALK,885891.4935817168,22.00
SMALL_CAR,1000178.5644593475,25.00
FERRY,1372794.1078543887,34.25
SCOOTER,1555833.3220143924,38.75
BUS,1648498.2499879794,41.25
BIKE,3081361.7168059717,77.00
TRANSIT,6903505.029829214,172.25
LIGHT_RAIL,8001428.513358675,199.75
SUBWAY,17951922.946701683,448.00
