Transport,Total Distance (km),Earth eq
AIRPLANE,74136.18978587945,1.75
LARGE_CAR,144060.09564384737,3.50
CAR,163367.119136356,4.00
WALK,167093.70450011388,4.25
SMALL_CAR,188650.12550786638,4.75
FERRY,258931.5447822801,6.50
SCOOTER,293455.7507532508,7.25
BUS,310933.8798966382,7.75
BIKE,581195.4939134396,14.50
TRANSIT,1302114.5791242982,32.50
LIGHT_RAIL,1509201.0043938034,37.75
SUBWAY,3386027.893841225,84.50
