Transport,Total Distance (km),Earth eq
AIRPLANE,360264.622802775,9.00
LARGE_CAR,700059.664429851,17.50
CAR,793882.0940278528,19.75
WALK,811991.4265042994,20.25
SMALL_CAR,916744.7987447953,23.00
FERRY,1258277.1750916056,31.50
SCOOTER,1426047.464971471,35.50
BUS,1510982.389459006,37.75
BIKE,2824318.005232346,70.50
TRANSIT,6327622.443235171,158.00
LIGHT_RAIL,7333958.390950979,183.00
SUBWAY,16454393.825703088,410.50
