Transport,Total Distance (km),Earth eq
AIRPLANE,422637.28419901896,10.50
LARGE_CAR,821261.0860743216,20.50
CAR,931327.0049595815,23.25
WALK,952571.6089600682,23.75
SMALL_CAR,1075460.946325434,26.75
FERRY,1476122.8676287634,36.75
SCOOTER,1672939.2500233823,41.75
BUS,1772578.9688924835,44.25
BIKE,3313292.5529045854,82.75
TRANSIT,7423124.548750772,185.25
LIGHT_RAIL,8603687.571596086,214.75
SUBWAY,19303145.192348413,481.75
