Transport,Total Distance (km),Earth eq
AIRPLANE,134869.32560673956,3.25
LARGE_CAR,262075.62057115824,6.50
CAR,297199.157277104,7.50
WALK,303978.60058827087,7.50
SMALL_CAR,343194.2652463631,8.50
FERRY,471050.9524740974,11.75
SCOOTER,533857.7460490777,13.25
BUS,565654.1399851866,14.00
BIKE,1057316.871611377,26.50
TRANSIT,2368820.3503775564,59.00
LIGHT_RAIL,2745554.1223017774,68.50
SUBWAY,6159897.069262565,153.75
