Transport,Total Distance (km),Earth eq
AIRPLANE,391745.3546909663,9.75
LARGE_CAR,761232.4507167501,19.00
CAR,863253.294344125,21.50
WALK,882945.0612443349,22.00
SMALL_CAR,996852.0185830406,24.75
FERRY,1368228.2607937641,34.25
SCOOTER,1550658.6958309636,38.75
BUS,1643015.424249248,41.00
BIKE,3071113.2565020346,76.75
TRANSIT,6880544.305234179,171.75
LIGHT_RAIL,7974816.148333453,199.00
SUBWAY,17892215.71799595,446.50
