Transport,Total Distance (km),Earth eq
AIRPLANE,375445.7852051549,9.25
LARGE_CAR,729559.4238206866,18.25
CAR,827335.42866909,20.75
WALK,846207.8692760336,21.00
SMALL_CAR,955375.435664178,23.75
FERRY,1311299.6177923777,32.75
SCOOTER,1486139.566919594,37.00
BUS,1574653.5569956023,39.25
BIKE,2943331.7192209866,73.50
TRANSIT,6594261.626855845,164.50
LIGHT_RAIL,7643003.485644296,190.75
SUBWAY,17147764.231066093,428.00
