Transport,Total Distance (km),Earth eq
AIRPLANE,361275.19531283143,9.00
LARGE_CAR,702023.391204052,17.50
CAR,796109.0005562106,19.75
WALK,814269.1312848679,20.25
SMALL_CAR,919316.3457740339,23.00
FERRY,1261806.7488096692,31.50
SCOOTER,1430047.6488715396,35.75
BUS,1515220.8232130585,37.75
BIKE,2832240.4566430184,70.75
TRANSIT,6345371.960411369,158.25
LIGHT_RAIL,7354530.7658613995,183.50
SUBWAY,16500549.795155201,411.75
