Transport,Total Distance (km),Earth eq
AIRPLANE,408605.1206661005,10.25
LARGE_CAR,793994.0406814887,19.75
CAR,900405.6132633431,22.50
WALK,920944.8657765348,23.00
SMALL_CAR,1039754.1010421062,26.00
FERRY,1427113.471817459,35.50
SCOOTER,1617395.268324484,40.25
BUS,1713726.8060503663,42.75
BIKE,3203286.4896575124,80.00
TRANSIT,7176666.170605634,179.00
LIGHT_RAIL,8318032.808667721,207.50
SUBWAY,18662253.095720865,465.75
